raw_data/readable-stream.csv,498223760
raw_data/glob.csv,486450736
raw_data/async.csv,465892183
raw_data/lodash.csv,447872953
raw_data/qs.csv,396840941
raw_data/minimist.csv,396729146
raw_data/minimatch.csv,383603977
raw_data/debug.csv,375909228
raw_data/source-map.csv,367306663
raw_data/inherits.csv,362437754
raw_data/isarray.csv,348010886
raw_data/supports-color.csv,303790794
raw_data/ms.csv,296309088
raw_data/commander.csv,290527659
raw_data/graceful-fs.csv,290412714
raw_data/assert-plus.csv,273786068
raw_data/object-assign.csv,269656441
raw_data/mkdirp.csv,260897091
raw_data/wordwrap.csv,246717958
raw_data/semver.csv,246005885
raw_data/strip-ansi.csv,238056657
raw_data/request.csv,237311199
raw_data/camelcase.csv,234067361
raw_data/once.csv,230596308
raw_data/chalk.csv,228281207
raw_data/mime-types.csv,226053011
raw_data/yargs.csv,225532365
raw_data/string_decoder.csv,223958498
raw_data/ansi-styles.csv,218800645
raw_data/ansi-regex.csv,218152740
raw_data/form-data.csv,210471249
raw_data/mime-db.csv,207790963
raw_data/rimraf.csv,206093283
raw_data/core-util-is.csv,201229746
raw_data/xtend.csv,200240070
raw_data/esprima.csv,199887824
raw_data/acorn.csv,195653584
raw_data/balanced-match.csv,191523887
raw_data/escape-string-regexp.csv,190822001
raw_data/lru-cache.csv,189658925
raw_data/has-ansi.csv,188169365
raw_data/brace-expansion.csv,183384875
raw_data/through2.csv,180739862
raw_data/mime.csv,180195061
raw_data/wrappy.csv,176901046
raw_data/colors.csv,175547685
raw_data/concat-map.csv,172537537
raw_data/inflight.csv,171096848
raw_data/window-size.csv,168861957
raw_data/uglify-js.csv,164009228
raw_data/path-is-absolute.csv,163238063
raw_data/estraverse.csv,163161480
raw_data/delayed-stream.csv,161073757
raw_data/util-deprecate.csv,160948398
raw_data/process-nextick-args.csv,160907147
raw_data/combined-stream.csv,160206276
raw_data/hoek.csv,159898297
raw_data/hawk.csv,159236087
raw_data/punycode.csv,158660446
raw_data/oauth-sign.csv,157861478
raw_data/extend.csv,157424896
raw_data/strip-bom.csv,154556684
raw_data/caseless.csv,153050691
raw_data/http-signature.csv,152173205
raw_data/boom.csv,151545784
raw_data/asn1.csv,150962611
raw_data/tunnel-agent.csv,149556221
raw_data/tough-cookie.csv,148492285
raw_data/cliui.csv,146615607
raw_data/cryptiles.csv,146199959
raw_data/forever-agent.csv,145335454
raw_data/iconv-lite.csv,145263783
raw_data/bluebird.csv,143899667
raw_data/pinkie-promise.csv,143770512
raw_data/sntp.csv,143273476
raw_data/pinkie.csv,142435766
raw_data/js-yaml.csv,141668015
raw_data/aws-sign2.csv,140584983
raw_data/bytes.csv,140340657
raw_data/resolve.csv,140296151
raw_data/negotiator.csv,137332634
raw_data/underscore.csv,137107586
raw_data/graceful-readlink.csv,136992699
raw_data/nopt.csv,136008285
raw_data/repeat-string.csv,135774785
raw_data/optimist.csv,135602389
raw_data/uuid.csv,134990163
raw_data/json-stringify-safe.csv,133416959
raw_data/clone.csv,133052395
raw_data/vinyl.csv,133046431
raw_data/har-validator.csv,132942676
raw_data/which.csv,131559439
raw_data/send.csv,130926107
raw_data/accepts.csv,129464597
raw_data/repeating.csv,129120652
raw_data/string-width.csv,128937306
raw_data/http-errors.csv,128816434
raw_data/concat-stream.csv,127902408
raw_data/is-fullwidth-code-point.csv,127470397
raw_data/bl.csv,126626840
